paper_links,paper_pdf_links,paper_titles,paper_authors,video_links
http://papers.nips.cc/paper/by-source-2019-3824,https://proceedings.neurips.cc/paper/2019/file/67974233917cea0e42a49a2fb7eb4cf4-Paper.pdf,Updates of Equilibrium Prop Match Gradients of Backprop Through Time in an RNN with Static Input,Maxence Ernoult &middot; Julie Grollier &middot; Damien Querlioz &middot; Yoshua Bengio &middot; Benjamin Scellier,https://www.youtube.com/watch?v=Xb5sM0NRy_0&feature=youtu.be
http://papers.nips.cc/paper/by-source-2019-6214,https://proceedings.neurips.cc/paper/2019/file/05e97c207235d63ceb1db43c60db7bbb-Paper.pdf,Uniform convergence may be unable to explain generalization in deep learning,Vaishnavh Nagarajan &middot; J. Zico Kolter,https://www.youtube.com/watch?v=o3GfnEjTdIQ
http://papers.nips.cc/paper/by-source-2019-9024,https://proceedings.neurips.cc/paper/2019/file/952285b9b7e7a1be5aa7849f32ffff05-Paper.pdf,Legendre Memory Units: Continuous-Time Representation in Recurrent Neural Networks,Aaron Voelker &middot; Ivana Kajić &middot; Chris Eliasmith,https://docs.google.com/document/d/1uarYP9YqcKx2Qh7sHJJhrY87C-mVZbNTAVqRKVPDXmI/edit
http://papers.nips.cc/paper/by-source-2019-539,https://proceedings.neurips.cc/paper/2019/file/5737034557ef5b8c02c0e46513b98f90-Paper.pdf,Point-Voxel CNN for Efficient 3D Deep Learning,Zhijian Liu &middot; Haotian Tang &middot; Yujun Lin &middot; Song Han,https://pvcnn.mit.edu
http://papers.nips.cc/paper/by-source-2019-6138,https://proceedings.neurips.cc/paper/2019/file/b2ead76dfdc4ae56a2abd1896ec46291-Paper.pdf,Identification of Conditional Causal Effects under Markov Equivalence,Amin Jaber &middot; Jiji Zhang &middot; Elias Bareinboim,https://www.dropbox.com/s/qucyzi28s7ycka9/NeurIPS19-CID.m4v?dl=0
http://papers.nips.cc/paper/by-source-2019-71,https://proceedings.neurips.cc/paper/2019/file/e2c420d928d4bf8ce0ff2ec19b371514-Paper.pdf,"Adversarial Examples Are Not Bugs, They Are Features",Andrew Ilyas &middot; Shibani Santurkar &middot; Dimitris Tsipras &middot; Logan Engstrom &middot; Brandon Tran &middot; Aleksander Madry,https://youtu.be/-vhUWSHOqIM
http://papers.nips.cc/paper/by-source-2019-2823,https://proceedings.neurips.cc/paper/2019/file/46f76a4bda9a9579eab38a8f6eabcda1-Paper.pdf,Empirically Measuring Concentration: Fundamental Limits on Intrinsic Robustness,Saeed Mahloujifar &middot; Xiao Zhang &middot; Mohammad Mahmoody &middot; David Evans,https://drive.google.com/open?id=1z-97tgTqB5dH3WzQcE6kBOVJHizo5z7A
http://papers.nips.cc/paper/by-source-2019-5315,https://proceedings.neurips.cc/paper/2019/file/5ad742cd15633b26fdce1b80f7b39f7c-Paper.pdf,A Game Theoretic Approach to Class-wise Selective Rationalization,Shiyu Chang &middot; Yang Zhang &middot; Mo Yu &middot; Tommi Jaakkola,https://www.dropbox.com/s/tnr5emcp5a4wvig/video_final.mp4?dl=0
http://papers.nips.cc/paper/by-source-2019-1853,https://proceedings.neurips.cc/paper/2019/file/7503cfacd12053d309b6bed5c89de212-Paper.pdf,Adversarial training for free!,Ali Shafahi &middot; Mahyar Najibi &middot; Mohammad Amin Ghiasi &middot; Zheng Xu &middot; John Dickerson &middot; Christoph Studer &middot; Larry Davis &middot; Gavin Taylor &middot; Tom Goldstein,https://youtu.be/v8U9mM1Vwv0?t=285
http://papers.nips.cc/paper/by-source-2019-2823,https://proceedings.neurips.cc/paper/2019/file/46f76a4bda9a9579eab38a8f6eabcda1-Paper.pdf,Empirically Measuring Concentration: Fundamental Limits on Intrinsic Robustness,Saeed Mahloujifar &middot; Xiao Zhang &middot; Mohammad Mahmoody &middot; David Evans,https://drive.google.com/open?id=1z-97tgTqB5dH3WzQcE6kBOVJHizo5z7A
http://papers.nips.cc/paper/by-source-2019-1034,https://proceedings.neurips.cc/paper/2019/file/bdb106a0560c4e46ccc488ef010af787-Paper.pdf,Multi-marginal Wasserstein GAN,Jiezhang Cao &middot; Langyuan Mo &middot; Yifan Zhang &middot; Kui Jia &middot; Chunhua Shen &middot; Mingkui Tan,http://caojiezhang.com/video/NeurIPS2019_MWGAN_video.mp4
http://papers.nips.cc/paper/by-source-2019-4985,https://proceedings.neurips.cc/paper/2019/file/785ca71d2c85e3f3774baaf438c5c6eb-Paper.pdf,Correlation clustering with local objectives,Sanchit Kalhan &middot; Konstantin Makarychev &middot; Timothy Zhou,https://www.youtube.com/watch?v=0s1LF5qL2Do&feature=youtu.be
http://papers.nips.cc/paper/by-source-2019-5511,https://proceedings.neurips.cc/paper/2019/file/3cc697419ea18cc98d525999665cb94a-Paper.pdf,On Fenchel Mini-Max Learning,Chenyang Tao &middot; Liqun Chen &middot; Shuyang Dai &middot; Junya Chen &middot; Ke Bai &middot; Dong Wang &middot; Jianfeng Feng &middot; Wenlian Lu &middot; Georgiy Bobashev &middot; Lawrence Carin,https://github.com/chenyang-tao/FML/tree/master/video
http://papers.nips.cc/paper/by-source-2019-4340,https://proceedings.neurips.cc/paper/2019/file/61f3a6dbc9120ea78ef75544826c814e-Paper.pdf,Solving Interpretable Kernel Dimensionality Reduction,Chieh Wu &middot; Jared Miller &middot; Yale Chang &middot; Mario Sznaier &middot; Jennifer Dy,https://youtu.be/q1ETeX3HvPY
http://papers.nips.cc/paper/by-source-2019-2137,https://proceedings.neurips.cc/paper/2019/file/9bb6dee73b8b0ca97466ccb24fff3139-Paper.pdf,Exact Rate-Distortion in Autoencoders via Echo Noise,Rob Brekelmans &middot; Daniel Moyer &middot; Aram Galstyan &middot; Greg Ver Steeg,http://bit.ly/2Wdm6St
http://papers.nips.cc/paper/by-source-2019-7205,https://proceedings.neurips.cc/paper/2019/file/75da5036f659fe64b53f3d9b39412967-Paper.pdf,Communication-efficient Distributed SGD with Sketching,Nikita Ivkin &middot; Daniel Rothchild &middot; Enayat Ullah &middot; Vladimir braverman &middot; Ion Stoica &middot; Raman Arora,http://enayatullah.github.io/sketchedsgd/video
http://papers.nips.cc/paper/by-source-2019-71,https://proceedings.neurips.cc/paper/2019/file/e2c420d928d4bf8ce0ff2ec19b371514-Paper.pdf,"Adversarial Examples Are Not Bugs, They Are Features",Andrew Ilyas &middot; Shibani Santurkar &middot; Dimitris Tsipras &middot; Logan Engstrom &middot; Brandon Tran &middot; Aleksander Madry,https://youtu.be/-vhUWSHOqIM
http://papers.nips.cc/paper/by-source-2019-1100,https://proceedings.neurips.cc/paper/2019/file/1e6e0a04d20f50967c64dac2d639a577-Paper.pdf,Neural networks grown and self-organized by noise,Guruprasad Raghavan &middot; Matt Thomson,https://caltech.box.com/s/9tqfhrgo3cicoi5ue9z7qyhlsjfefdka
http://papers.nips.cc/paper/by-source-2019-3824,https://proceedings.neurips.cc/paper/2019/file/67974233917cea0e42a49a2fb7eb4cf4-Paper.pdf,Updates of Equilibrium Prop Match Gradients of Backprop Through Time in an RNN with Static Input,Maxence Ernoult &middot; Julie Grollier &middot; Damien Querlioz &middot; Yoshua Bengio &middot; Benjamin Scellier,https://www.youtube.com/watch?v=Xb5sM0NRy_0&feature=youtu.be
http://papers.nips.cc/paper/by-source-2019-539,https://proceedings.neurips.cc/paper/2019/file/5737034557ef5b8c02c0e46513b98f90-Paper.pdf,Point-Voxel CNN for Efficient 3D Deep Learning,Zhijian Liu &middot; Haotian Tang &middot; Yujun Lin &middot; Song Han,https://pvcnn.mit.edu
http://papers.nips.cc/paper/by-source-2019-760,https://proceedings.neurips.cc/paper/2019/file/2ca65f58e35d9ad45bf7f3ae5cfd08f1-Paper.pdf,Model Compression with Adversarial Robustness: A Unified Optimization Framework,Shupeng Gui &middot; Haotao Wang &middot; Haichuan Yang &middot; Chen Yu &middot; Zhangyang Wang &middot; Ji Liu,https://github.com/shupenggui/ATMC/blob/master/materials/video.link
http://papers.nips.cc/paper/by-source-2019-2260,https://proceedings.neurips.cc/paper/2019/file/4cb811134b9d39fc3104bd06ce75abad-Paper.pdf,A Prior of a Googol Gaussians: a Tensor Ring Induced Prior for Generative Models,Maxim Kuznetsov &middot; Daniil Polykovskiy &middot; Dmitry Vetrov &middot; Alex Zhebrak,https://drive.google.com/file/d/1fDc9_BhTKT3gZAyCtuafL4tfuZivusia/view
http://papers.nips.cc/paper/by-source-2019-394,https://proceedings.neurips.cc/paper/2019/file/28f0b864598a1291557bed248a998d4e-Paper.pdf,Differentiable Cloth Simulation for Inverse Problems,Junbang Liang &middot; Ming Lin &middot; Vladlen Koltun,https://youtu.be/ipIM-c4lCJ0
http://papers.nips.cc/paper/by-source-2019-7203,https://proceedings.neurips.cc/paper/2019/file/118921efba23fc329e6560b27861f0c2-Paper.pdf,A Simple Baseline for Bayesian Uncertainty in Deep Learning,Wesley Maddox &middot; Pavel Izmailov &middot; Timur Garipov &middot; Dmitry Vetrov &middot; Andrew Gordon Wilson,https://izmailovpavel.github.io/swag_video
http://papers.nips.cc/paper/by-source-2019-9024,https://proceedings.neurips.cc/paper/2019/file/952285b9b7e7a1be5aa7849f32ffff05-Paper.pdf,Legendre Memory Units: Continuous-Time Representation in Recurrent Neural Networks,Aaron Voelker &middot; Ivana Kajić &middot; Chris Eliasmith,https://docs.google.com/document/d/1uarYP9YqcKx2Qh7sHJJhrY87C-mVZbNTAVqRKVPDXmI/edit
http://papers.nips.cc/paper/by-source-2019-9119,https://proceedings.neurips.cc/paper/2019/file/d921c3c762b1522c475ac8fc0811bb0f-Paper.pdf,Reverse engineering recurrent networks for sentiment classification reveals line attractor dynamics,Niru Maheswaranathan &middot; Alex Williams &middot; Matthew Golub &middot; Surya Ganguli &middot; David Sussillo,https://drive.google.com/open?id=1J-YIS9aSMNz1WX1ifBK4KlZaWhH32vXp
http://papers.nips.cc/paper/by-source-2019-7516,https://proceedings.neurips.cc/paper/2019/file/bb836c01cdc9120a9c984c525e4b1a4a-Paper.pdf,Explanations can be manipulated and geometry is to blame,Ann-Kathrin Dombrowski &middot; Maximillian Alber &middot; Christopher Anders &middot; Marcel Ackermann &middot; Klaus-Robert Müller &middot; Pan Kessel,https://www.youtube.com/playlist?list=PLPpfpYGbmCsoRah0LdcHBcr1qIcig28AK
http://papers.nips.cc/paper/by-source-2019-1687,https://proceedings.neurips.cc/paper/2019/file/7fea637fd6d02b8f0adf6f7dc36aed93-Paper.pdf,Fooling Neural Network Interpretations via Adversarial Model Manipulation,Juyeon Heo &middot; Sunghwan Joo &middot; Taesup Moon,https://github.com/rmrisforbidden/Fooling_Neural_Network-Interpretations/blob/master/Materials/Video.md
http://papers.nips.cc/paper/by-source-2019-1058,https://proceedings.neurips.cc/paper/2019/file/b4d168b48157c623fbd095b4a565b5bb-Paper.pdf,Visualizing the PHATE of Neural Networks,Scott Gigante &middot; Adam S Charles &middot; Smita Krishnaswamy &middot; Gal Mishne,http://mishne.ucsd.edu/m-phate-video.html
http://papers.nips.cc/paper/by-source-2019-6138,https://proceedings.neurips.cc/paper/2019/file/b2ead76dfdc4ae56a2abd1896ec46291-Paper.pdf,Identification of Conditional Causal Effects under Markov Equivalence,Amin Jaber &middot; Jiji Zhang &middot; Elias Bareinboim,https://www.dropbox.com/s/qucyzi28s7ycka9/NeurIPS19-CID.m4v?dl=0
http://papers.nips.cc/paper/by-source-2019-2543,https://proceedings.neurips.cc/paper/2019/file/1b113258af3968aaf3969ca67e744ff8-Paper.pdf,Successor Uncertainties: Exploration and Uncertainty in Temporal Difference Learning,David Janz &middot; Jiri Hron &middot; Przemysław Mazur &middot; Katja Hofmann &middot; José Miguel Hernández-Lobato &middot; Sebastian Tschiatschek,djanz.org/successor_uncertainties/video
http://papers.nips.cc/paper/by-source-2019-4951,https://proceedings.neurips.cc/paper/2019/file/8cbe9ce23f42628c98f80fa0fac8b19a-Paper.pdf,Sampling Networks and Aggregate Simulation for Online POMDP Planning,Hao(Jackson) Cui &middot; Roni Khardon,https://youtu.be/IcC-O1AALXE
http://papers.nips.cc/paper/by-source-2019-175,https://proceedings.neurips.cc/paper/2019/file/82161242827b703e6acf9c726942a1e4-Paper.pdf,Chasing Ghosts: Instruction Following as Bayesian State Tracking,Peter Anderson &middot; Ayush Shrivastava &middot; Devi Parikh &middot; Dhruv Batra &middot; Stefan Lee,https://www.panderson.me/images/vln-chasing-ghosts.mp4
http://papers.nips.cc/paper/by-source-2019-6214,https://proceedings.neurips.cc/paper/2019/file/05e97c207235d63ceb1db43c60db7bbb-Paper.pdf,Uniform convergence may be unable to explain generalization in deep learning,Vaishnavh Nagarajan &middot; J. Zico Kolter,https://www.youtube.com/watch?v=o3GfnEjTdIQ
http://papers.nips.cc/paper/by-source-2019-6250,https://proceedings.neurips.cc/paper/2019/file/947018640bf36a2bb609d3557a285329-Paper.pdf,Causal Confusion in Imitation Learning,Pim de Haan &middot; Dinesh Jayaraman &middot; Sergey Levine,https://sites.google.com/view/causal-confusion
http://papers.nips.cc/paper/by-source-2019-1457,https://proceedings.neurips.cc/paper/2019/file/01d8bae291b1e4724443375634ccfa0e-Paper.pdf,Asymmetric Valleys: Beyond Sharp and Flat Local Minima,Haowei He &middot; Gao Huang &middot; Yang Yuan,https://youtu.be/zWwaJ3gbv_Q
http://papers.nips.cc/paper/by-source-2019-98,https://proceedings.neurips.cc/paper/2019/file/ed3d2c21991e3bef5e069713af9fa6ca-Paper.pdf,Imitation Learning from Observations by Minimizing Inverse Dynamics Disagreement,Chao Yang &middot; Xiaojian Ma &middot; Wenbing Huang &middot; Fuchun Sun &middot; Huaping Liu &middot; Junzhou Huang &middot; Chuang Gan,https://sites.google.com/view/neurips19-iddm/home
http://papers.nips.cc/paper/by-source-2019-1955,https://proceedings.neurips.cc/paper/2019/file/378a063b8fdb1db941e34f4bde584c7d-Paper.pdf,Implicit Generation and Modeling with Energy Based Models,Yilun Du &middot; Igor Mordatch,https://sites.google.com/view/igebm
http://papers.nips.cc/paper/by-source-2019-5254,https://proceedings.neurips.cc/paper/2019/file/5d0d5594d24f0f955548f0fc0ff83d10-Paper.pdf,Residual Flows for Invertible Generative Modeling,Tian Qi Chen &middot; Jens Behrmann &middot; David Duvenaud &middot; Joern-Henrik Jacobsen,http://www.cs.toronto.edu/~rtqichen/posters/residual_flows_poster.pdf
http://papers.nips.cc/paper/by-source-2019-5115,https://proceedings.neurips.cc/paper/2019/file/d324a0cc02881779dcda44a675fdcaaa-Paper.pdf,Guided Meta-Policy Search,Russell Mendonca &middot; Abhishek Gupta &middot; Rosen Kralev &middot; Pieter Abbeel &middot; Sergey Levine &middot; Chelsea Finn,https://drive.google.com/file/d/1hwnb9TaY4uPTvsLv1C6WULqcVWMm9AIc/view?usp=sharing
http://papers.nips.cc/paper/by-source-2019-4792,https://proceedings.neurips.cc/paper/2019/file/4ff3e350028d0cfcb92c3a87a57585b1-Paper.pdf,Parameter elimination in particle Gibbs sampling,Anna Wigren &middot; Riccardo Sven Risuleo &middot; Lawrence Murray &middot; Fredrik Lindsten,https://www.it.uu.se/katalog/annwi999/Publications/Neurips2019
http://papers.nips.cc/paper/by-source-2019-7901,https://proceedings.neurips.cc/paper/2019/file/3e883840fee4384dd3d2afea5e822517-Paper.pdf,Learning Positive Functions with Pseudo Mirror Descent,Yingxiang Yang &middot; Haoxiang Wang &middot; Negar Kiyavash &middot; Niao He,https://www.dropbox.com/sh/veks5wyi9p1s4wd/AACfKZ-D-gjlorqfqT_bH_Gea?dl=0
http://papers.nips.cc/paper/by-source-2019-6771,https://proceedings.neurips.cc/paper/2019/file/195f15384c2a79cedf293e4a847ce85c-Paper.pdf,Hindsight Credit Assignment,Anna Harutyunyan &middot; Will Dabney &middot; Thomas Mesnard &middot; Mohammad Gheshlaghi Azar &middot; Bilal Piot &middot; Nicolas Heess &middot; Hado van Hasselt &middot; Gregory Wayne &middot; Satinder Singh &middot; Doina Precup &middot; Remi Munos,https://youtu.be/2EnckznIV2o
http://papers.nips.cc/paper/by-source-2019-8295,https://proceedings.neurips.cc/paper/2019/file/d202ed5bcfa858c15a9f383c3e386ab2-Paper.pdf,"Qsparse-local-SGD: Distributed SGD with Quantization, Sparsification and Local Computations",Debraj Basu &middot; Deepesh Data &middot; Can Karakus &middot; Suhas Diggavi,https://youtu.be/UxXdAdkyAF0
http://papers.nips.cc/paper/by-source-2019-5115,https://proceedings.neurips.cc/paper/2019/file/d324a0cc02881779dcda44a675fdcaaa-Paper.pdf,Guided Meta-Policy Search,Russell Mendonca &middot; Abhishek Gupta &middot; Rosen Kralev &middot; Pieter Abbeel &middot; Sergey Levine &middot; Chelsea Finn,https://drive.google.com/file/d/1hwnb9TaY4uPTvsLv1C6WULqcVWMm9AIc/view?usp=sharing
http://papers.nips.cc/paper/by-source-2019-7901,https://proceedings.neurips.cc/paper/2019/file/3e883840fee4384dd3d2afea5e822517-Paper.pdf,Learning Positive Functions with Pseudo Mirror Descent,Yingxiang Yang &middot; Haoxiang Wang &middot; Negar Kiyavash &middot; Niao He,https://www.dropbox.com/sh/veks5wyi9p1s4wd/AACfKZ-D-gjlorqfqT_bH_Gea?dl=0
http://papers.nips.cc/paper/by-source-2019-2434,https://proceedings.neurips.cc/paper/2019/file/f708f064faaf32a43e4d3c784e6af9ea-Paper.pdf,On Adversarial Mixup Resynthesis,Christopher Beckham &middot; Sina Honari &middot; Alex Lamb &middot; Vikas Verma &middot; Farnoosh Ghadiri &middot; R Devon Hjelm &middot; Yoshua Bengio &middot; Chris Pal,https://www.youtube.com/watch?v=ezbC3_VZeNY
http://papers.nips.cc/paper/by-source-2019-2585,https://proceedings.neurips.cc/paper/2019/file/36e729ec173b94133d8fa552e4029f8b-Paper.pdf,Symmetry-Based Disentangled Representation Learning requires Interaction with Environments,Hugo Caselles-Dupré &middot; Michael Garcia Ortiz &middot; David Filliat,https://youtu.be/jyN3ZQNH1GI
http://papers.nips.cc/paper/by-source-2019-1955,https://proceedings.neurips.cc/paper/2019/file/378a063b8fdb1db941e34f4bde584c7d-Paper.pdf,Implicit Generation and Modeling with Energy Based Models,Yilun Du &middot; Igor Mordatch,https://sites.google.com/view/igebm
http://papers.nips.cc/paper/by-source-2019-5254,https://proceedings.neurips.cc/paper/2019/file/5d0d5594d24f0f955548f0fc0ff83d10-Paper.pdf,Residual Flows for Invertible Generative Modeling,Tian Qi Chen &middot; Jens Behrmann &middot; David Duvenaud &middot; Joern-Henrik Jacobsen,http://www.cs.toronto.edu/~rtqichen/posters/residual_flows_poster.pdf
http://papers.nips.cc/paper/by-source-2019-2300,https://proceedings.neurips.cc/paper/2019/file/46a558d97954d0692411c861cf78ef79-Paper.pdf,Limitations of the empirical Fisher approximation for natural gradient descent,Frederik Kunstner &middot; Philipp Hennig &middot; Lukas Balles,https://www.youtube.com/watch?v=f0jeOi4pW_A
http://papers.nips.cc/paper/by-source-2019-3487,https://proceedings.neurips.cc/paper/2019/file/944a5ae3483ed5c1e10bbccb7942a279-Paper.pdf,Maximum Mean Discrepancy Gradient Flow,Michael Arbel &middot; Anna Korba &middot; Adil Salim &middot; Arthur Gretton,https://michaelarbel.github.io/materials/MMD_flow.mp4
http://papers.nips.cc/paper/by-source-2019-1973,https://proceedings.neurips.cc/paper/2019/file/deb54ffb41e085fd7f69a75b6359c989-Paper.pdf,Tight Dimension Independent Lower Bound on the Expected Convergence Rate for Diminishing Step Sizes in SGD,Ha Nguyen &middot; Lam Nguyen &middot; Marten van Dijk,https://drive.google.com/file/d/18st_NJYsYWUimP3HhM1UW-LTALupQ-ms/view?usp=sharing
http://papers.nips.cc/paper/by-source-2019-1457,https://proceedings.neurips.cc/paper/2019/file/01d8bae291b1e4724443375634ccfa0e-Paper.pdf,Asymmetric Valleys: Beyond Sharp and Flat Local Minima,Haowei He &middot; Gao Huang &middot; Yang Yuan,https://youtu.be/zWwaJ3gbv_Q
http://papers.nips.cc/paper/by-source-2019-2038,https://proceedings.neurips.cc/paper/2019/file/2557911c1bf75c2b643afb4ecbfc8ec2-Paper.pdf,"Painless Stochastic Gradient: Interpolation, Line-Search, and Convergence Rates",Sharan Vaswani &middot; Aaron Mishkin &middot; Issam Laradji &middot; Mark Schmidt &middot; Gauthier Gidel &middot; Simon Lacoste-Julien,https://github.com/IssamLaradji/sls/tree/master/Video
http://papers.nips.cc/paper/by-source-2019-7995,https://proceedings.neurips.cc/paper/2019/file/2d44e06a7038f2dd98f0f54c4be35e22-Paper.pdf,Integrating Markov processes with structural causal modeling enables counterfactual inference in complex systems,Robert Ness &middot; Kaushal Paneri &middot; Olga Vitek,http://bit.ly/MarkovP2SCM
http://papers.nips.cc/paper/by-source-2019-6256,https://proceedings.neurips.cc/paper/2019/file/a87c11b9100c608b7f8e98cfa316ff7b-Paper.pdf,The Case for Evaluating Causal Models Using Interventional Measures and Empirical Data,Amanda Gentzel &middot; Dan Garant &middot; David Jensen,https://agentzel.github.io/publications/neurips-2019-video.m4v
http://papers.nips.cc/paper/by-source-2019-4792,https://proceedings.neurips.cc/paper/2019/file/4ff3e350028d0cfcb92c3a87a57585b1-Paper.pdf,Parameter elimination in particle Gibbs sampling,Anna Wigren &middot; Riccardo Sven Risuleo &middot; Lawrence Murray &middot; Fredrik Lindsten,https://www.it.uu.se/katalog/annwi999/Publications/Neurips2019
http://papers.nips.cc/paper/by-source-2019-6250,https://proceedings.neurips.cc/paper/2019/file/947018640bf36a2bb609d3557a285329-Paper.pdf,Causal Confusion in Imitation Learning,Pim de Haan &middot; Dinesh Jayaraman &middot; Sergey Levine,https://sites.google.com/view/causal-confusion
http://papers.nips.cc/paper/by-source-2019-6805,https://proceedings.neurips.cc/paper/2019/file/5faf461eff3099671ad63c6f3f094f7f-Paper.pdf,When to Trust Your Model: Model-Based Policy Optimization,Michael Janner &middot; Justin Fu &middot; Marvin Zhang &middot; Sergey Levine,https://people.eecs.berkeley.edu/~janner/mbpo/
http://papers.nips.cc/paper/by-source-2019-2815,https://proceedings.neurips.cc/paper/2019/file/f5b1b89d98b7286673128a5fb112cb9a-Paper.pdf,On the Utility of Learning about Humans for Human-AI Coordination,Micah Carroll &middot; Rohin Shah &middot; Mark Ho &middot; Tom Griffiths &middot; Sanjit Seshia &middot; Pieter Abbeel &middot; Anca Dragan,https://drive.google.com/file/d/13XjCGQ-suZGQOmCZQNbSiL1rMfExnKGj/view?usp=sharing
http://papers.nips.cc/paper/by-source-2019-6771,https://proceedings.neurips.cc/paper/2019/file/195f15384c2a79cedf293e4a847ce85c-Paper.pdf,Hindsight Credit Assignment,Anna Harutyunyan &middot; Will Dabney &middot; Thomas Mesnard &middot; Mohammad Gheshlaghi Azar &middot; Bilal Piot &middot; Nicolas Heess &middot; Hado van Hasselt &middot; Gregory Wayne &middot; Satinder Singh &middot; Doina Precup &middot; Remi Munos,https://youtu.be/2EnckznIV2o
http://papers.nips.cc/paper/by-source-2019-98,https://proceedings.neurips.cc/paper/2019/file/ed3d2c21991e3bef5e069713af9fa6ca-Paper.pdf,Imitation Learning from Observations by Minimizing Inverse Dynamics Disagreement,Chao Yang &middot; Xiaojian Ma &middot; Wenbing Huang &middot; Fuchun Sun &middot; Huaping Liu &middot; Junzhou Huang &middot; Chuang Gan,https://sites.google.com/view/neurips19-iddm/home
http://papers.nips.cc/paper/by-source-2019-4552,https://proceedings.neurips.cc/paper/2019/file/f8905bd3df64ace64a68e154ba72f24c-Paper.pdf,Multiclass Learning from Contradictions,Sauptik Dhar &middot; Vladimir Cherkassky &middot; Mohak Shah,https://youtu.be/6TayjC7qqPg
http://papers.nips.cc/paper/by-source-2019-667,https://proceedings.neurips.cc/paper/2019/file/b5dc4e5d9b495d0196f61d45b26ef33e-Paper.pdf,Scene Representation Networks: Continuous 3D-Structure-Aware Neural Scene Representations,Vincent Sitzmann &middot; Michael Zollhoefer &middot; Gordon Wetzstein,https://vsitzmann.github.io/srns/video/
http://papers.nips.cc/paper/by-source-2019-6628,https://proceedings.neurips.cc/paper/2019/file/1c336b8080f82bcc2cd2499b4c57261d-Paper.pdf,Calibration tests in multi-class classification: A unifying framework,David Widmann &middot; Fredrik Lindsten &middot; Dave Zachariah,https://vimeo.com/369295144
http://papers.nips.cc/paper/by-source-2019-9031,https://proceedings.neurips.cc/paper/2019/file/e2e14235335d2c0aa5f6855e339233d9-Paper.pdf,Fast structure learning with modular regularization,Greg Ver Steeg &middot; Hrayr Harutyunyan &middot; Daniel Moyer &middot; Aram Galstyan,http://bit.ly/2N9IJ66
http://papers.nips.cc/paper/by-source-2019-9031,https://proceedings.neurips.cc/paper/2019/file/e2e14235335d2c0aa5f6855e339233d9-Paper.pdf,Fast structure learning with modular regularization,Greg Ver Steeg &middot; Hrayr Harutyunyan &middot; Daniel Moyer &middot; Aram Galstyan,http://bit.ly/2N9IJ66
http://papers.nips.cc/paper/by-source-2019-6658,https://proceedings.neurips.cc/paper/2019/file/8ca01ea920679a0fe3728441494041b9-Paper.pdf,Beyond temperature scaling: Obtaining well-calibrated multi-class probabilities with Dirichlet calibration,Meelis Kull &middot; Miquel Perello Nieto &middot; Markus Kängsepp &middot; Telmo Silva Filho &middot; Hao Song &middot; Peter Flach,https://dirichletcal.github.io/documents/neurips2019/video/
http://papers.nips.cc/paper/by-source-2019-6628,https://proceedings.neurips.cc/paper/2019/file/1c336b8080f82bcc2cd2499b4c57261d-Paper.pdf,Calibration tests in multi-class classification: A unifying framework,David Widmann &middot; Fredrik Lindsten &middot; Dave Zachariah,https://vimeo.com/369295144
http://papers.nips.cc/paper/by-source-2019-8301,https://proceedings.neurips.cc/paper/2019/file/1e79596878b2320cac26dd792a6c51c9-Paper.pdf,Likelihood Ratios for Out-of-Distribution Detection,Jie Ren &middot; Peter Liu &middot; Emily Fertig &middot; Jasper Snoek &middot; Ryan  Poplin &middot; Mark Depristo &middot; Joshua V Dillon &middot; Balaji Lakshminarayanan,https://youtu.be/-FduW9ZWAR4
http://papers.nips.cc/paper/by-source-2019-4757,https://proceedings.neurips.cc/paper/2019/file/d80126524c1e9641333502c664fc6ca1-Paper.pdf,Modelling heterogeneous distributions with an Uncountable Mixture of Asymmetric Laplacians,Axel Brando &middot; Jose A Rodriguez &middot; Jordi Vitria &middot; Alberto Rubio Muñoz,https://vimeo.com/369179175/a17d3de911
http://papers.nips.cc/paper/by-source-2019-6422,https://proceedings.neurips.cc/paper/2019/file/ee0c1616bbc82804b2f4b635d4a055fb-Paper.pdf,Prediction of Spatial Point Processes: Regularized Method with Out-of-Sample Guarantees,Muhammad Osama &middot; Dave Zachariah &middot; Peter Stoica,https://youtu.be/pg3Z3HEKHjc
http://papers.nips.cc/paper/by-source-2019-159,https://proceedings.neurips.cc/paper/2019/file/140f6969d5213fd0ece03148e62e461e-Paper.pdf,Joint-task Self-supervised Learning for Temporal Correspondence,Xueting Li &middot; Sifei Liu &middot; Shalini De Mello &middot; Xiaolong Wang &middot; Jan Kautz &middot; Ming-Hsuan Yang,https://www.youtube.com/watch?v=Rfy3dG3lRpM&feature=youtu.be
http://papers.nips.cc/paper/by-source-2019-405,https://proceedings.neurips.cc/paper/2019/file/bbcbff5c1f1ded46c25d28119a85c6c2-Paper.pdf,Learning Conditional Deformable Templates with Convolutional Networks,Adrian Dalca &middot; Marianne Rakic &middot; John Guttag &middot; Mert Sabuncu,http://voxelmorph.mit.edu/atlas_creation/files/cr_video.mp4
http://papers.nips.cc/paper/by-source-2019-667,https://proceedings.neurips.cc/paper/2019/file/b5dc4e5d9b495d0196f61d45b26ef33e-Paper.pdf,Scene Representation Networks: Continuous 3D-Structure-Aware Neural Scene Representations,Vincent Sitzmann &middot; Michael Zollhoefer &middot; Gordon Wetzstein,https://vsitzmann.github.io/srns/video/
http://papers.nips.cc/paper/by-source-2019-4493,https://proceedings.neurips.cc/paper/2019/file/438124b4c06f3a5caffab2c07863b617-Paper.pdf,Learning-In-The-Loop Optimization: End-To-End Control And Co-Design Of Soft Robots Through Learned Deep Latent Representations,Andrew Spielberg &middot; Allan Zhao &middot; Yuanming Hu &middot; Tao Du &middot; Wojciech Matusik &middot; Daniela Rus,https://youtu.be/umWPhw9o968
http://papers.nips.cc/paper/by-source-2019-1488,https://proceedings.neurips.cc/paper/2019/file/8a146f1a3da4700cbf03cdc55e2daae6-Paper.pdf,Third-Person Visual Imitation Learning via Decoupled Hierarchical Controller,Pratyusha Sharma &middot; Deepak Pathak &middot; Abhinav Gupta,https://youtu.be/eWBkDuNFEKA
http://papers.nips.cc/paper/by-source-2019-1385,https://proceedings.neurips.cc/paper/2019/file/86e8f7ab32cfd12577bc2619bc635690-Paper.pdf,Multiview Aggregation for Learning Category-Specific Shape Reconstruction,Srinath Sridhar &middot; Davis Rempe &middot; Julien Valentin &middot; Bouaziz Sofien &middot; Leonidas Guibas,https://geometry.stanford.edu/projects/xnocs
http://papers.nips.cc/paper/by-source-2019-9052,https://proceedings.neurips.cc/paper/2019/file/1fa6269f58898f0e809575c9a48747ef-Paper.pdf,TAB-VCR: Tags and Attributes based Visual Commonsense Reasoning Baselines,Jingxiang Lin &middot; Unnat Jain &middot; Alex Schwing,https://youtu.be/FS66skIlIYQ
http://papers.nips.cc/paper/by-source-2019-8215,https://proceedings.neurips.cc/paper/2019/file/1e0feeaff84a19bf3936e693311fa66d-Paper.pdf,Deep Multi-State Dynamic Recurrent Neural Networks Operating on Wavelet Based Neural Features for Robust Brain Machine Interfaces,Benyamin Allahgholizadeh Haghi &middot; Spencer Kellis &middot; Sahil Shah &middot; Maitreyi Ashok &middot; Luke Bashford &middot; Daniel Kramer &middot; Brian Lee &middot; Charles Liu &middot; Richard Andersen &middot; Azita Emami,https://www.youtube.com/watch?v=VbgM-hO_fQ0
http://papers.nips.cc/paper/by-source-2019-4758,https://proceedings.neurips.cc/paper/2019/file/0bfce127947574733b19da0f30739fcd-Paper.pdf,Learning Macroscopic Brain Connectomes via Group-Sparse Factorization,Farzane Aminmansour &middot; Andrew Patterson &middot; Lei Le &middot; Yisu  Peng &middot; Daniel  Mitchell &middot; Franco Pestilli &middot; Cesar F Caiafa &middot; Russell Greiner &middot; Martha White,https://github.com/framinmansour/Learning-Macroscopic-Brain-Connectomes-via-Group-Sparse-Factorization/raw/master/video/3minute_presentation.mp4
http://papers.nips.cc/paper/by-source-2019-1331,https://proceedings.neurips.cc/paper/2019/file/e077e1a544eec4f0307cf5c3c721d944-Paper.pdf,Disentangled behavioural representations,Amir Dezfouli &middot; Hassan Ashtiani &middot; Omar Ghattas &middot; Richard Nock &middot; Peter Dayan &middot; Cheng Soon Ong,https://vimeo.com/368702071
http://papers.nips.cc/paper/by-source-2019-3508,https://proceedings.neurips.cc/paper/2019/file/7d2be41b1bde6ff8fe45150c37488ebb-Paper.pdf,From voxels to pixels and back: Self-supervision in natural-image reconstruction from fMRI,Roman Beliy &middot; Guy Gaziv &middot; Assaf Hoogi &middot; Francesca Strappini &middot; Tal Golan &middot; Michal Irani,https://www.youtube.com/watch?v=h2JhDAdaa-Q&feature=youtu.be
http://papers.nips.cc/paper/by-source-2019-6220,https://proceedings.neurips.cc/paper/2019/file/90cc440b1b8caa520c562ac4e4bbcb51-Paper.pdf,Structured Graph Learning Via Laplacian Spectral Constraints,Sandeep Kumar &middot; Jiaxi Ying &middot; Jose Vinicius de Miranda Cardoso &middot; Daniel Palomar,https://youtu.be/klAqFvyQx7k
http://papers.nips.cc/paper/by-source-2019-5017,https://proceedings.neurips.cc/paper/2019/file/0af787945872196b42c9f73ead2565c8-Paper.pdf,Language as an Abstraction for Hierarchical Deep Reinforcement Learning,YiDing Jiang &middot; Shixiang (Shane) Gu &middot; Kevin Murphy &middot; Chelsea Finn,https://drive.google.com/open?id=1tvJ6CsEdskbRIA2BFLxSgDqjbm1BaaRt
http://papers.nips.cc/paper/by-source-2019-1504,https://proceedings.neurips.cc/paper/2019/file/49b8b4f95f02e055801da3b4f58e28b7-Paper.pdf,Learning Robust Options by Conditional Value at Risk Optimization,Takuya Hiraoka &middot; Takahisa Imagawa &middot; Tatsuya Mori &middot; Takashi Onishi &middot; Yoshimasa Tsuruoka,https://drive.google.com/file/d/1DRmIaK5VomCey70rKD_5DgX2Jm_1rFlo/view
http://papers.nips.cc/paper/by-source-2019-4994,https://proceedings.neurips.cc/paper/2019/file/1fd09c5f59a8ff35d499c0ee25a1d47e-Paper.pdf,Multiclass Performance Metric Elicitation,Gaurush Hiranandani &middot; Shant Boodaghians &middot; Ruta Mehta &middot; Sanmi Koyejo,https://drive.google.com/drive/folders/1AWZ6xvSUwNGQYeYzI2yf-MYPvgnba8YJ?usp=sharing
http://papers.nips.cc/paper/by-source-2019-5517,https://proceedings.neurips.cc/paper/2019/file/6c7cd904122e623ce625613d6af337c4-Paper.pdf,"Poincaré Recurrence, Cycles and Spurious Equilibria in Gradient-Descent-Ascent for Non-Convex Non-Concave Zero-Sum Games",Emmanouil-Vasileios Vlatakis-Gkaragkounis &middot; Lampros Flokas &middot; Georgios Piliouras,http://www.cs.columbia.edu/~emvlatakis/Videos/Poincare_Recurrence_Cycles_and_Spurious_Equilibria_in_Gradient-Descent-Ascent_for_Non-Convex_Non-Concave_Zero-Sum_Games.html
http://papers.nips.cc/paper/by-source-2019-5823,https://proceedings.neurips.cc/paper/2019/file/658bbbdef9415ba5e2ff857f1146ba6e-Paper.pdf,McDiarmid-Type Inequalities for Graph-Dependent Variables and Stability Bounds,Rui (Ray) Zhang &middot; Xingwu Liu &middot; Yuyi Wang &middot; Liwei Wang,https://rui-ray-zhang.github.io/NIPS/NIPS.mp4
http://papers.nips.cc/paper/by-source-2019-3960,https://proceedings.neurips.cc/paper/2019/file/ac52c626afc10d4075708ac4c778ddfc-Paper.pdf,Optimal Sparse Decision Trees,Xiyang Hu &middot; Cynthia Rudin &middot; Margo Seltzer,https://www.youtube.com/watch?v=UMjMQaH508M&feature=youtu.be
http://papers.nips.cc/paper/by-source-2019-3960,https://proceedings.neurips.cc/paper/2019/file/ac52c626afc10d4075708ac4c778ddfc-Paper.pdf,Optimal Sparse Decision Trees,Xiyang Hu &middot; Cynthia Rudin &middot; Margo Seltzer,https://www.youtube.com/watch?v=UMjMQaH508M&feature=youtu.be
http://papers.nips.cc/paper/by-source-2019-5350,https://proceedings.neurips.cc/paper/2019/file/fd0a5a5e367a0955d81278062ef37429-Paper.pdf,Unsupervised Meta-Learning for Few-Shot Image Classification,Siavash Khodadadeh &middot; Ladislau Boloni &middot; Mubarak Shah,https://github.com/siavash-khodadadeh/MetaLearning-TF2.0/raw/master/UMTRA_Paper/VideoPresentation.mp4
http://papers.nips.cc/paper/by-source-2019-2016,https://proceedings.neurips.cc/paper/2019/file/95192c98732387165bf8e396c0f2dad2-Paper.pdf,MCP: Learning Composable Hierarchical Control with Multiplicative Compositional Policies,Xue Bin Peng &middot; Michael Chang &middot; Grace Zhang &middot; Pieter Abbeel &middot; Sergey Levine,https://youtu.be/HLD6H2eJK1E
http://papers.nips.cc/paper/by-source-2019-2447,https://proceedings.neurips.cc/paper/2019/file/2c3ddf4bf13852db711dd1901fb517fa-Paper.pdf,Uncertainty-based Continual Learning with Adaptive Regularization,Hongjoon Ahn &middot; Sungmin Cha &middot; Donggyu Lee &middot; Taesup Moon,https://sites.google.com/view/project-page-of-ucl
http://papers.nips.cc/paper/by-source-2019-4192,https://proceedings.neurips.cc/paper/2019/file/cd474f6341aeffd65f93084d0dae3453-Paper.pdf,A Unifying Framework for Spectrum-Preserving Graph Sparsification and Coarsening,Gecia Bravo-Hermsdorff &middot; Lee Gunderson,https://www.youtube.com/playlist?list=PLmfiQcz2q6d0Qeq7IBJ1izsMIWdVwM5Q0
http://papers.nips.cc/paper/by-source-2019-8774,https://proceedings.neurips.cc/paper/2019/file/e9bf14a419d77534105016f5ec122d62-Paper.pdf,DeepWave: A Recurrent Neural-Network for Real-Time Acoustic Imaging,Matthieu SIMEONI &middot; Sepand Kashani &middot; Paul Hurley &middot; Martin Vetterli,https://www.youtube.com/watch?v=PwB3CS2rHdI
http://papers.nips.cc/paper/by-source-2019-2765,https://proceedings.neurips.cc/paper/2019/file/370bfb31abd222b582245b977ea5f25a-Paper.pdf,Few-shot Video-to-Video Synthesis,Ting-Chun Wang &middot; Ming-Yu Liu &middot; Andrew Tao &middot; Guilin Liu &middot; Bryan Catanzaro &middot; Jan Kautz,https://www.youtube.com/watch?v=8AZBuyEuDqc&feature=youtu.be
http://papers.nips.cc/paper/by-source-2019-753,https://proceedings.neurips.cc/paper/2019/file/6f2268bd1d3d3ebaabb04d6b5d099425-Paper.pdf,Image Synthesis with a Single (Robust) Classifier,Shibani Santurkar &middot; Andrew Ilyas &middot; Dimitris Tsipras &middot; Logan Engstrom &middot; Brandon Tran &middot; Aleksander Madry,https://youtu.be/l3SoeIIjxTM
http://papers.nips.cc/paper/by-source-2019-2164,https://proceedings.neurips.cc/paper/2019/file/c3e4035af2a1cde9f21e1ae1951ac80b-Paper.pdf,Domes to Drones: Self-Supervised Active Triangulation for 3D Human Pose Reconstruction,Aleksis Pirinen &middot; Erik Gärtner &middot; Cristian Sminchisescu,https://lu.app.box.com/s/xd1nidkirdlg0htlkyomq33ipk01k6gk
http://papers.nips.cc/paper/by-source-2019-365,https://proceedings.neurips.cc/paper/2019/file/9be40cee5b0eee1462c82c6964087ff9-Paper.pdf,Multiway clustering via tensor block models  ,Miaoyan Wang &middot; Yuchen Zeng,https://youtu.be/b3sOTLwxHMY
http://papers.nips.cc/paper/by-source-2019-2764,https://proceedings.neurips.cc/paper/2019/file/98d8a23fd60826a2a474c5b4f5811707-Paper.pdf,Visual Concept-Metaconcept Learning,Chi Han &middot; Jiayuan Mao &middot; Chuang Gan &middot; Josh Tenenbaum &middot; Jiajun Wu,https://drive.google.com/open?id=1yP5gYyd8-Tx8SKvd1bWbO2H7prZO1Ndn
http://papers.nips.cc/paper/by-source-2019-6955,https://proceedings.neurips.cc/paper/2019/file/4fdaa19b1f22a4d926fce9bfc7c61fa5-Paper.pdf,Neuropathic Pain Diagnosis Simulator for Causal Discovery Algorithm Evaluation,Ruibo Tu &middot; Kun Zhang &middot; Bo Bertilson &middot; Hedvig Kjellstrom &middot; Cheng Zhang,https://youtu.be/1UvVnIbjSX8
http://papers.nips.cc/paper/by-source-2019-8401,https://proceedings.neurips.cc/paper/2019/file/c055dcc749c2632fd4dd806301f05ba6-Paper.pdf,Icebreaker: Element-wise Efficient Information Acquisition with a Bayesian Deep Latent Gaussian Model,Wenbo Gong &middot; Sebastian Tschiatschek &middot; Sebastian Nowozin &middot; Richard Turner &middot; José Miguel Hernández-Lobato &middot; Cheng Zhang,https://www.youtube.com/watch?feature=%3Dyoutu.be&v=UST9Uhg8CkA
http://papers.nips.cc/paper/by-source-2019-7407,https://proceedings.neurips.cc/paper/2019/file/99a401435dcb65c4008d3ad22c8cdad0-Paper.pdf,ODE2VAE: Deep generative second order ODEs with Bayesian neural networks,Cagatay Yildiz &middot; Markus Heinonen &middot; Harri Lahdesmaki,https://github.com/cagatayyildiz/ODE2VAE
http://papers.nips.cc/paper/by-source-2019-5181,https://proceedings.neurips.cc/paper/2019/file/3b7d09dac07c9ccd3aae2025cc195250-Paper.pdf,Convergence-Rate-Matching Discretization of Accelerated Optimization Flows Through Opportunistic State-Triggered Control,Miguel Vaquero &middot; Jorge Cortes,https://www.dropbox.com/sh/aildrjci7n55359/AAB1A2jEg66lgs2k8s2GWuWAa?dl=0
http://papers.nips.cc/paper/by-source-2019-5343,https://proceedings.neurips.cc/paper/2019/file/8dd291cbea8f231982db0fb1716dfc55-Paper.pdf,Decentralized sketching of low rank matrices,Rakshith Sharma Srinivasa &middot; Kiryung Lee &middot; Marius  Junge &middot; Justin Romberg,https://www.dropbox.com/sh/kpl064804i9ks1y/AADxPFiVivRDgPlku0lXX68na?dl=0
http://papers.nips.cc/paper/by-source-2019-6671,https://proceedings.neurips.cc/paper/2019/file/a1e865a9b1065392ed6035d8ccd072d9-Paper.pdf,Fast and Accurate Stochastic Gradient Estimation,Beidi Chen &middot; Yingchen Xu &middot; Anshumali Shrivastava,https://drive.google.com/open?id=1GJAErrv_7iAvzqhJEcfZd2vGVnQdaA_A
http://papers.nips.cc/paper/by-source-2019-7941,https://proceedings.neurips.cc/paper/2019/file/46c7cb50b373877fb2f8d5c4517bb969-Paper.pdf,"Fast, Provably convergent IRLS Algorithm for p-norm Linear Regression",Deeksha Adil &middot; Richard Peng &middot; Sushant Sachdeva,https://www.youtube.com/watch?v=lG3ycfrK88g&feature=youtu.be
http://papers.nips.cc/paper/by-source-2019-5233,https://proceedings.neurips.cc/paper/2019/file/26b58a41da329e0cbde0cbf956640a58-Paper.pdf,Stochastic Variance Reduced Primal Dual Algorithms for Empirical Composition Optimization,Adithya M Devraj &middot; Jianshu Chen,https://github.com/adidevraj/SVRPDA/wiki/Video
http://papers.nips.cc/paper/by-source-2019-8540,https://proceedings.neurips.cc/paper/2019/file/39d929972619274cc9066307f707d002-Paper.pdf,Function-Space Distributions over Kernels,Gregory Benton &middot; Wesley Maddox &middot; Jayson Salkey &middot; Julio Albinati &middot; Andrew Gordon Wilson, class=
http://papers.nips.cc/paper/by-source-2019-5517,https://proceedings.neurips.cc/paper/2019/file/6c7cd904122e623ce625613d6af337c4-Paper.pdf,"Poincaré Recurrence, Cycles and Spurious Equilibria in Gradient-Descent-Ascent for Non-Convex Non-Concave Zero-Sum Games",Emmanouil-Vasileios Vlatakis-Gkaragkounis &middot; Lampros Flokas &middot; Georgios Piliouras,http://www.cs.columbia.edu/~emvlatakis/Videos/Poincare_Recurrence_Cycles_and_Spurious_Equilibria_in_Gradient-Descent-Ascent_for_Non-Convex_Non-Concave_Zero-Sum_Games.html
http://papers.nips.cc/paper/by-source-2019-5823,https://proceedings.neurips.cc/paper/2019/file/658bbbdef9415ba5e2ff857f1146ba6e-Paper.pdf,McDiarmid-Type Inequalities for Graph-Dependent Variables and Stability Bounds,Rui (Ray) Zhang &middot; Xingwu Liu &middot; Yuyi Wang &middot; Liwei Wang,https://rui-ray-zhang.github.io/NIPS/NIPS.mp4
http://papers.nips.cc/paper/by-source-2019-6969,https://proceedings.neurips.cc/paper/2019/file/7813d1590d28a7dd372ad54b5d29d033-Paper.pdf,Brain-Like Object Recognition with High-Performing Shallow Recurrent ANNs,Jonas Kubilius &middot; Martin Schrimpf &middot; Ha Hong &middot; Najib Majaj &middot; Rishi Rajalingham &middot; Elias Issa &middot; Kohitij Kar &middot; Pouya Bashivan &middot; Jonathan Prescott-Roy &middot; Kailyn Schmidt &middot; Aran Nayebi &middot; Daniel Bear &middot; Daniel Yamins &middot; James J DiCarlo,https://cbmm.mit.edu/video/brain-object-recognition-high-performing-shallow-recurrent-anns
http://papers.nips.cc/paper/by-source-2019-4795,https://proceedings.neurips.cc/paper/2019/file/adf7ee2dcf142b0e11888e72b43fcb75-Paper.pdf,This Looks Like That: Deep Learning for Interpretable Image Recognition,Chaofan Chen &middot; Oscar Li &middot; Daniel Tao &middot; Alina Barnett &middot; Cynthia Rudin &middot; Jonathan K Su,https://youtu.be/k3IQnRsl9U4
http://papers.nips.cc/paper/by-source-2019-3146,https://proceedings.neurips.cc/paper/2019/file/5d4ae76f053f8f2516ad12961ef7fe97-Paper.pdf,Adversarial Training and Robustness for Multiple Perturbations,Florian Tramer &middot; Dan Boneh,https://www.youtube.com/watch?v=aUDkfVd3t_8
http://papers.nips.cc/paper/by-source-2019-8678,https://proceedings.neurips.cc/paper/2019/file/2201611d7a08ffda97e3e8c6b667a1bc-Paper.pdf,Multi-Criteria Dimensionality Reduction with Applications to Fairness,Uthaipon Tantipongpipat &middot; Samira Samadi &middot; Mohit Singh &middot; Jamie Morgenstern &middot; Santosh Vempala,https://youtu.be/aR64H5Jn0gY
http://papers.nips.cc/paper/by-source-2019-1349,https://proceedings.neurips.cc/paper/2019/file/bcc0d400288793e8bdcd7c19a8ac0c2b-Paper.pdf,Integrating Bayesian and Discriminative Sparse Kernel Machines for  Multi-class Active Learning,Weishi Shi &middot; Qi Yu,https://drive.google.com/open?id=1awBUI9liuh28vfJWHlc2beoYm8Zfybm9
http://papers.nips.cc/paper/by-source-2019-5204,https://proceedings.neurips.cc/paper/2019/file/2e6d9c6052e99fcdfa61d9b9da273ca2-Paper.pdf,Practical Two-Step Lookahead Bayesian Optimization,Jian Wu &middot; Peter Frazier,https://github.com/wujian16/TwoStep-BayesOpt/tree/master/Presentation
http://papers.nips.cc/paper/by-source-2019-1775,https://proceedings.neurips.cc/paper/2019/file/36d7534290610d9b7e9abed244dd2f28-Paper.pdf,Thompson Sampling for Multinomial Logit Contextual Bandits,Min-hwan Oh &middot; Garud Iyengar,http://www.columbia.edu/~mo2499/ts-mnl.html
http://papers.nips.cc/paper/by-source-2019-6371,https://proceedings.neurips.cc/paper/2019/file/15825aee15eb335cc13f9b559f166ee8-Paper.pdf,Online Continual Learning with Maximal Interfered Retrieval,Rahaf Aljundi &middot; Eugene Belilovsky &middot; Tinne Tuytelaars &middot; Laurent Charlin &middot; Massimo Caccia &middot; Min Lin &middot; Lucas Page-Caccia,https://www.youtube.com/watch?v=wfb9UV_n8jg&feature=youtu.be
http://papers.nips.cc/paper/by-source-2019-3880,https://proceedings.neurips.cc/paper/2019/file/0dd1bc593a91620daecf7723d2235624-Paper.pdf,Unsupervised Emergence of Egocentric Spatial Structure from Sensorimotor Prediction,Alban Laflaquière &middot; Michael Garcia Ortiz,https://www.dropbox.com/sh/6jcy6mq1tp2u8th/AAD8aQiSvCybLKSL4kA-wdhia?dl=0
http://papers.nips.cc/paper/by-source-2019-8678,https://proceedings.neurips.cc/paper/2019/file/2201611d7a08ffda97e3e8c6b667a1bc-Paper.pdf,Multi-Criteria Dimensionality Reduction with Applications to Fairness,Uthaipon Tantipongpipat &middot; Samira Samadi &middot; Mohit Singh &middot; Jamie Morgenstern &middot; Santosh Vempala,https://youtu.be/aR64H5Jn0gY
http://papers.nips.cc/paper/by-source-2019-4795,https://proceedings.neurips.cc/paper/2019/file/adf7ee2dcf142b0e11888e72b43fcb75-Paper.pdf,This Looks Like That: Deep Learning for Interpretable Image Recognition,Chaofan Chen &middot; Oscar Li &middot; Daniel Tao &middot; Alina Barnett &middot; Cynthia Rudin &middot; Jonathan K Su,https://youtu.be/k3IQnRsl9U4
http://papers.nips.cc/paper/by-source-2019-3146,https://proceedings.neurips.cc/paper/2019/file/5d4ae76f053f8f2516ad12961ef7fe97-Paper.pdf,Adversarial Training and Robustness for Multiple Perturbations,Florian Tramer &middot; Dan Boneh,https://www.youtube.com/watch?v=aUDkfVd3t_8
http://papers.nips.cc/paper/by-source-2019-86,https://proceedings.neurips.cc/paper/2019/file/93db85ed909c13838ff95ccfa94cebd9-Paper.pdf,Multi-Resolution Weak Supervision for Sequential Data,Paroma Varma &middot; Frederic Sala &middot; Shiori Sagawa &middot; Jason A Fries &middot; Daniel Fu &middot; Saelig Khattar &middot; Ashwini Ramamoorthy &middot; Ke Xiao &middot; Kayvon  Fatahalian &middot; James Priest &middot; Christopher Ré,http://fredsala.github.io/MultiResWS.mov
http://papers.nips.cc/paper/by-source-2019-192,https://proceedings.neurips.cc/paper/2019/file/58a2fc6ed39fd083f55d4182bf88826d-Paper.pdf,Reducing Noise in GAN Training with Variance Reduced Extragradient,Tatjana Chavdarova &middot; Gauthier Gidel &middot; François Fleuret &middot; Simon Lacoste-Julien,https://github.com/Chavdarova/SVRE/tree/master/video
http://papers.nips.cc/paper/by-source-2019-93,https://proceedings.neurips.cc/paper/2019/file/98dce83da57b0395e163467c9dae521b-Paper.pdf,The Point Where Reality Meets Fantasy: Mixed Adversarial Generators for Image Splice Detection,Vladimir V. Kniaz &middot; Vladimir Knyaz &middot; Fabio Remondino,https://www.dropbox.com/s/xfxszql3dh6a7uk/MAG_Presentation.mp4?dl=0
http://papers.nips.cc/paper/by-source-2019-2770,https://proceedings.neurips.cc/paper/2019/file/a7a3d70c6d17a73140918996d03c014f-Paper.pdf,Neural Similarity Learning,Weiyang Liu &middot; Zhen Liu &middot; James Rehg &middot; Le Song,http://wyliu.com/
http://papers.nips.cc/paper/by-source-2019-4818,https://proceedings.neurips.cc/paper/2019/file/e88f243bf341ded9b4ced444795c3f17-Paper.pdf,Modeling Expectation Violation in Intuitive Physics with Coarse Probabilistic Object Representations,Kevin Smith &middot; Lingjie Mei &middot; Shunyu Yao &middot; Jiajun Wu &middot; Elizabeth Spelke &middot; Josh Tenenbaum &middot; Tomer Ullman,https://www.youtube.com/watch?v=95HlF9nCca4&feature=youtu.be
http://papers.nips.cc/paper/by-source-2019-4107,https://proceedings.neurips.cc/paper/2019/file/2297607a5db8576d5ad6bbd83696ff60-Paper.pdf,Nonlinear scaling of resource allocation in sensory bottlenecks,Laura R Edmondson &middot; Alejandro Jimenez Rodriguez &middot; Hannes P. Saal,https://www.youtube.com/watch?v=M6ohnt_6J9Q
http://papers.nips.cc/paper/by-source-2019-6969,https://proceedings.neurips.cc/paper/2019/file/7813d1590d28a7dd372ad54b5d29d033-Paper.pdf,Brain-Like Object Recognition with High-Performing Shallow Recurrent ANNs,Jonas Kubilius &middot; Martin Schrimpf &middot; Kohitij Kar &middot; Rishi Rajalingham &middot; Ha Hong &middot; Najib Majaj &middot; Elias Issa &middot; Pouya Bashivan &middot; Jonathan Prescott-Roy &middot; Kailyn Schmidt &middot; Aran Nayebi &middot; Daniel Bear &middot; Daniel Yamins &middot; James J DiCarlo,https://cbmm.mit.edu/video/brain-object-recognition-high-performing-shallow-recurrent-anns
http://papers.nips.cc/paper/by-source-2019-5317,https://proceedings.neurips.cc/paper/2019/file/125b93c9b50703fe9dac43ec231f5f83-Paper.pdf,Efficiently avoiding saddle points with zero order methods: No gradients required ,Emmanouil-Vasileios Vlatakis-Gkaragkounis &middot; Lampros Flokas &middot; Georgios Piliouras,http://www.cs.columbia.edu/~emvlatakis/Videos/Poincare_Recurrence_Cycles_and_Spurious_Equilibria_in_Gradient-Descent-Ascent_for_Non-Convex_Non-Concave_Zero-Sum_Games.html
http://papers.nips.cc/paper/by-source-2019-6819,https://proceedings.neurips.cc/paper/2019/file/b6f97e6f0fd175613910d613d574d0cb-Paper.pdf,Control What You Can: Intrinsically Motivated Task-Planning Agent,Sebastian Blaes &middot; Marin Vlastelica Pogančić &middot; Jiajie Zhu &middot; Georg Martius,https://owncloud.tuebingen.mpg.de/index.php/s/M3Ze4GStAn4aZdD
http://papers.nips.cc/paper/by-source-2019-7793,https://proceedings.neurips.cc/paper/2019/file/e2ccf95a7f2e1878fcafc8376649b6e8-Paper.pdf,Generalization in Reinforcement Learning with Selective Noise Injection and Information Bottleneck,Maximilian Igl &middot; Kamil Ciosek &middot; Yingzhen Li &middot; Sebastian Tschiatschek &middot; Cheng Zhang &middot; Sam Devlin &middot; Katja Hofmann,https://1drv.ms/v/s!Aj45y31uNubdlVXufoKxmwAqr0fP?e=TtGFfX
http://papers.nips.cc/paper/by-source-2019-7307,https://proceedings.neurips.cc/paper/2019/file/a1a527267c0d33a86382a03c4c721cd2-Paper.pdf,Gossip-based Actor-Learner Architectures for Deep Reinforcement Learning,Mahmoud Assran &middot; Joshua Romoff &middot; Nicolas Ballas &middot; Joelle Pineau &middot; Mike Rabbat,https://www.dropbox.com/sh/1ommra478q2j0mx/AAD8DpJMrnX_jYcfPKrht4nWa?dl=0
http://papers.nips.cc/paper/by-source-2019-9215,https://proceedings.neurips.cc/paper/2019/file/5a44a53b7d26bb1e54c05222f186dcfb-Paper.pdf,Imitation-Projected Programmatic Reinforcement Learning,Abhinav Verma &middot; Hoang Le &middot; Yisong Yue &middot; Swarat Chaudhuri,https://sites.google.com/view/programmatic-rl
http://papers.nips.cc/paper/by-source-2019-4541,https://proceedings.neurips.cc/paper/2019/file/2f3c6a4cd8af177f6456e7e51a916ff3-Paper.pdf,The spiked matrix model with generative priors,Benjamin Aubin &middot; Bruno Loureiro &middot; Antoine Maillard &middot; Florent Krzakala &middot; Lenka Zdeborová,https://youtu.be/0XEVjCL_9Dk
http://papers.nips.cc/paper/by-source-2019-6476,https://proceedings.neurips.cc/paper/2019/file/ab49ef78e2877bfd2c2bfa738e459bf0-Paper.pdf,The Impact of Regularization on High-dimensional Logistic Regression,Fariborz Salehi &middot; Ehsan Abbasi &middot; Babak Hassibi,https://caltech.box.com/s/e8gcoyxd2bwasd6kvkrgxvc9i9osmmmv
http://papers.nips.cc/paper/by-source-2019-6320,https://proceedings.neurips.cc/paper/2019/file/faf02b2358de8933f480a146f4d2d98e-Paper.pdf,On the Downstream Performance of Compressed Word Embeddings,Avner May &middot; Jian Zhang &middot; Tri Dao &middot; Christopher Ré,https://avnermay.github.io/compressed_embeddings_neurips_2019_video.mp4
http://papers.nips.cc/paper/by-source-2019-39,https://proceedings.neurips.cc/paper/2019/file/d67d8ab4f4c10bf22aa353e27879133c-Paper.pdf,"Ask not what AI can do, but what AI should do: Towards a framework of task delegability",Brian Lubars &middot; Chenhao Tan,http://tiny.cc/delegationvideo
http://papers.nips.cc/paper/by-source-2019-5938,https://proceedings.neurips.cc/paper/2019/file/62e0973455fd26eb03e91d5741a4a3bb-Paper.pdf,Online Forecasting of Total-Variation-bounded Sequences,Dheeraj Baby &middot; Yu-Xiang Wang,https://slideslive.com/38917673/online-forecasting-of-totalvariationbounded-sequences
http://papers.nips.cc/paper/by-source-2019-8876,https://proceedings.neurips.cc/paper/2019/file/73bf6c41e241e28b89d0fb9e0c82f9ce-Paper.pdf,Understanding the Representation Power of Graph Neural Networks in Learning Graph Topology,Nima Dehmamy &middot; Albert-Laszlo Barabasi &middot; Rose Yu,https://github.com/nimadehmamy/Understanding-GCN
http://papers.nips.cc/paper/by-source-2019-6710,https://proceedings.neurips.cc/paper/2019/file/dffbb6efd376d8dbb22cdf491e481edc-Paper.pdf,Universality in Learning from Linear Measurements,Ehsan Abbasi &middot; Fariborz Salehi &middot; Babak Hassibi,https://caltech.box.com/s/vwr8lrxy9edr5m2vbwqheeryoi7y3wq6
http://papers.nips.cc/paper/by-source-2019-7492,https://proceedings.neurips.cc/paper/2019/file/c82b013313066e0702d58dc70db033ca-Paper.pdf,"Search-Guided, Lightly-Supervised Training of Structured Prediction Energy Networks",Amirmohammad Rooshenas &middot; Dongxu Zhang &middot; Gopal Sharma &middot; Andrew McCallum,https://rooshenas.github.io/files/sg-spen.mp4
http://papers.nips.cc/paper/by-source-2019-8097,https://proceedings.neurips.cc/paper/2019/file/5a2afca61e35f45a7dd44ca46e0225f4-Paper.pdf,Computational Mirrors: Blind Inverse Light Transport by Deep Matrix Factorization,Miika Aittala &middot; Prafull Sharma &middot; Lukas Murmann &middot; Adam Yedidia &middot; Gregory Wornell &middot; Bill Freeman &middot; Fredo Durand,http://compmirrors.csail.mit.edu/videos/compmirrors_3minute.mp4
http://papers.nips.cc/paper/by-source-2019-5098,https://proceedings.neurips.cc/paper/2019/file/f5ac21cd0ef1b88e9848571aeb53551a-Paper.pdf,Learning to Predict 3D Objects with an Interpolation-based Differentiable Renderer,Wenzheng Chen &middot; Huan Ling &middot; Jun Gao &middot; Edward Smith &middot; Jaakko Lehtinen &middot; Alec Jacobson &middot; Sanja Fidler,https://nv-tlabs.github.io/DIB-R/
http://papers.nips.cc/paper/by-source-2019-4875,https://proceedings.neurips.cc/paper/2019/file/cf040fc71060367913e81ac1eb050aea-Paper.pdf,STAR-Caps: Capsule Networks with Straight-Through Attentive Routing,Karim Ahmed &middot; Lorenzo Torresani,http://bit.ly/2PA6JlV
http://papers.nips.cc/paper/by-source-2019-39,https://proceedings.neurips.cc/paper/2019/file/d67d8ab4f4c10bf22aa353e27879133c-Paper.pdf,"Ask not what AI can do, but what AI should do: Towards a framework of task delegability",Brian Lubars &middot; Chenhao Tan,http://tiny.cc/delegationvideo
http://papers.nips.cc/paper/by-source-2019-6217,https://proceedings.neurips.cc/paper/2019/file/9d1827dc5f75b9d65d80e25eb862e676-Paper.pdf,A Zero-Positive Learning Approach for Diagnosing Software Performance Regressions,Mejbah Alam &middot; Justin Gottschlich &middot; Nesime Tatbul &middot; Javier Turek &middot; Tim Mattson &middot; Abdullah Muzahid,https://youtu.be/FkT1aNoKbG4
http://papers.nips.cc/paper/by-source-2019-4567,https://proceedings.neurips.cc/paper/2019/file/6562c5c1f33db6e05a082a88cddab5ea-Paper.pdf,The Synthesis of XNOR Recurrent Neural Networks with Stochastic Logic,Arash Ardakani &middot; Zhengyun Ji &middot; Amir Ardakani &middot; Warren Gross,http://isip.ece.mcgill.ca/media/neurips_2019/video.mp4
http://papers.nips.cc/paper/by-source-2019-2401,https://proceedings.neurips.cc/paper/2019/file/959ef477884b6ac2241b19ee4fb776ae-Paper.pdf,Learning Deep Bilinear Transformation for Fine-grained Image Representation,Heliang Zheng &middot; Jianlong Fu &middot; Zheng-Jun Zha &middot; Jiebo Luo,https://drive.google.com/open?id=1IBfLuHMZ5cUUDugVgcpupwwT7e5OneAu
http://papers.nips.cc/paper/by-source-2019-4927,https://proceedings.neurips.cc/paper/2019/file/50d2d2262762648589b1943078712aa6-Paper.pdf,"Write, Execute, Assess: Program Synthesis with a REPL",Kevin Ellis &middot; Maxwell Nye &middot; Yewen Pu &middot; Felix Sosa &middot; Josh Tenenbaum &middot; Armando Solar-Lezama,https://www.youtube.com/watch?v=B3T_mEb2NGA&feature=youtu.be
http://papers.nips.cc/paper/by-source-2019-4701,https://proceedings.neurips.cc/paper/2019/file/a9ad5f2808f68eea468621a04c49efe1-Paper.pdf,Seeing the Wind: Visual Wind Speed Prediction with a Coupled Convolutional and Recurrent Neural Network,Jennifer Cardona &middot; Michael Howland &middot; John Dabiri,https://purl.stanford.edu/xx328hs4974
http://papers.nips.cc/paper/by-source-2019-6993,https://proceedings.neurips.cc/paper/2019/file/383beaea4aa57dd8202dbff464fee3af-Paper.pdf,Recurrent Space-time Graph Neural Networks,Andrei Nicolicioiu &middot; Iulia Duta &middot; Marius Leordeanu,https://drive.google.com/file/d/1OY4J4kJV6XF6kH0ZWIthsfUYFK138SMd/view?usp=sharing
http://papers.nips.cc/paper/by-source-2019-5037,https://proceedings.neurips.cc/paper/2019/file/97af07a14cacba681feacf3012730892-Paper.pdf,ObjectNet: A large-scale bias-controlled dataset for pushing the limits of object recognition models,Andrei Barbu &middot; David Mayo &middot; Julian Alverio &middot; William Luo &middot; Christopher Wang &middot; Dan Gutfreund &middot; Josh Tenenbaum &middot; Boris Katz,https://objectnet.dev/3-minute-video.avi
http://papers.nips.cc/paper/by-source-2019-1294,https://proceedings.neurips.cc/paper/2019/file/84438b7aae55a0638073ef798e50b4ef-Paper.pdf,GENO -- GENeric Optimization for Classical Machine Learning,Soeren Laue &middot; Matthias Mitterreiter &middot; Joachim Giesen,http://www.geno-project.org/videoNeurIPS.mp4
http://papers.nips.cc/paper/by-source-2019-6320,https://proceedings.neurips.cc/paper/2019/file/faf02b2358de8933f480a146f4d2d98e-Paper.pdf,On the Downstream Performance of Compressed Word Embeddings,Avner May &middot; Jian Zhang &middot; Tri Dao &middot; Christopher Ré,https://avnermay.github.io/compressed_embeddings_neurips_2019_video.mp4
http://papers.nips.cc/paper/by-source-2019-7101,https://proceedings.neurips.cc/paper/2019/file/b33128cb0089003ddfb5199e1b679652-Paper.pdf,Piecewise Strong Convexity of Neural Networks,Tristan Milne,https://www.youtube.com/watch?v=z89BTMQGVng
http://papers.nips.cc/paper/by-source-2019-8002,https://proceedings.neurips.cc/paper/2019/file/d9fbed9da256e344c1fa46bb46c34c5f-Paper.pdf,PowerSGD: Practical Low-Rank Gradient Compression for Distributed Optimization,Thijs Vogels &middot; Sai Praneeth Karimireddy &middot; Martin Jaggi,https://youtu.be/xVxSu7KGtHw
